DateKey,Date,Day,WeekNr,Month,MonthShort,Quarter,Year
20230101,2023-01-01,Sunday,1,January,Jan,1,2023
20230102,2023-01-02,Monday,1,January,Jan,1,2023
20230103,2023-01-03,Tuesday,1,January,Jan,1,2023
20230104,2023-01-04,Wednesday,1,January,Jan,1,2023
20230105,2023-01-05,Thursday,1,January,Jan,1,2023
20230106,2023-01-06,Friday,1,January,Jan,1,2023
20230107,2023-01-07,Saturday,1,January,Jan,1,2023
20230108,2023-01-08,Sunday,2,January,Jan,1,2023
20230109,2023-01-09,Monday,2,January,Jan,1,2023
20230110,2023-01-10,Tuesday,2,January,Jan,1,2023
20230111,2023-01-11,Wednesday,2,January,Jan,1,2023
20230112,2023-01-12,Thursday,2,January,Jan,1,2023
20230113,2023-01-13,Friday,2,January,Jan,1,2023
20230114,2023-01-14,Saturday,2,January,Jan,1,2023
20230115,2023-01-15,Sunday,3,January,Jan,1,2023
20230116,2023-01-16,Monday,3,January,Jan,1,2023
20230117,2023-01-17,Tuesday,3,January,Jan,1,2023
20230118,2023-01-18,Wednesday,3,January,Jan,1,2023
20230119,2023-01-19,Thursday,3,January,Jan,1,2023
20230120,2023-01-20,Friday,3,January,Jan,1,2023
20230121,2023-01-21,Saturday,3,January,Jan,1,2023
20230122,2023-01-22,Sunday,4,January,Jan,1,2023
20230123,2023-01-23,Monday,4,January,Jan,1,2023
20230124,2023-01-24,Tuesday,4,January,Jan,1,2023
20230125,2023-01-25,Wednesday,4,January,Jan,1,2023
20230126,2023-01-26,Thursday,4,January,Jan,1,2023
20230127,2023-01-27,Friday,4,January,Jan,1,2023
20230128,2023-01-28,Saturday,4,January,Jan,1,2023
20230129,2023-01-29,Sunday,5,January,Jan,1,2023
20230130,2023-01-30,Monday,5,January,Jan,1,2023
20230131,2023-01-31,Tuesday,5,January,Jan,1,2023
20230201,2023-02-01,Wednesday,5,February,Feb,1,2023
20230202,2023-02-02,Thursday,5,February,Feb,1,2023
20230203,2023-02-03,Friday,5,February,Feb,1,2023
20230204,2023-02-04,Saturday,5,February,Feb,1,2023
20230205,2023-02-05,Sunday,6,February,Feb,1,2023
20230206,2023-02-06,Monday,6,February,Feb,1,2023
20230207,2023-02-07,Tuesday,6,February,Feb,1,2023
20230208,2023-02-08,Wednesday,6,February,Feb,1,2023
20230209,2023-02-09,Thursday,6,February,Feb,1,2023
20230210,2023-02-10,Friday,6,February,Feb,1,2023
20230211,2023-02-11,Saturday,6,February,Feb,1,2023
20230212,2023-02-12,Sunday,7,February,Feb,1,2023
20230213,2023-02-13,Monday,7,February,Feb,1,2023
20230214,2023-02-14,Tuesday,7,February,Feb,1,2023
20230215,2023-02-15,Wednesday,7,February,Feb,1,2023
20230216,2023-02-16,Thursday,7,February,Feb,1,2023
20230217,2023-02-17,Friday,7,February,Feb,1,2023
20230218,2023-02-18,Saturday,7,February,Feb,1,2023
20230219,2023-02-19,Sunday,8,February,Feb,1,2023
20230220,2023-02-20,Monday,8,February,Feb,1,2023
20230221,2023-02-21,Tuesday,8,February,Feb,1,2023
20230222,2023-02-22,Wednesday,8,February,Feb,1,2023
20230223,2023-02-23,Thursday,8,February,Feb,1,2023
20230224,2023-02-24,Friday,8,February,Feb,1,2023
20230225,2023-02-25,Saturday,8,February,Feb,1,2023
20230226,2023-02-26,Sunday,9,February,Feb,1,2023
20230227,2023-02-27,Monday,9,February,Feb,1,2023
20230228,2023-02-28,Tuesday,9,February,Feb,1,2023
20230301,2023-03-01,Wednesday,9,March,Mar,1,2023
20230302,2023-03-02,Thursday,9,March,Mar,1,2023
20230303,2023-03-03,Friday,9,March,Mar,1,2023
20230304,2023-03-04,Saturday,9,March,Mar,1,2023
20230305,2023-03-05,Sunday,10,March,Mar,1,2023
20230306,2023-03-06,Monday,10,March,Mar,1,2023
20230307,2023-03-07,Tuesday,10,March,Mar,1,2023
20230308,2023-03-08,Wednesday,10,March,Mar,1,2023
20230309,2023-03-09,Thursday,10,March,Mar,1,2023
20230310,2023-03-10,Friday,10,March,Mar,1,2023
20230311,2023-03-11,Saturday,10,March,Mar,1,2023
20230312,2023-03-12,Sunday,11,March,Mar,1,2023
20230313,2023-03-13,Monday,11,March,Mar,1,2023
20230314,2023-03-14,Tuesday,11,March,Mar,1,2023
20230315,2023-03-15,Wednesday,11,March,Mar,1,2023
20230316,2023-03-16,Thursday,11,March,Mar,1,2023
20230317,2023-03-17,Friday,11,March,Mar,1,2023
20230318,2023-03-18,Saturday,11,March,Mar,1,2023
20230319,2023-03-19,Sunday,12,March,Mar,1,2023
20230320,2023-03-20,Monday,12,March,Mar,1,2023
20230321,2023-03-21,Tuesday,12,March,Mar,1,2023
20230322,2023-03-22,Wednesday,12,March,Mar,1,2023
20230323,2023-03-23,Thursday,12,March,Mar,1,2023
20230324,2023-03-24,Friday,12,March,Mar,1,2023
20230325,2023-03-25,Saturday,12,March,Mar,1,2023
20230326,2023-03-26,Sunday,13,March,Mar,1,2023
20230327,2023-03-27,Monday,13,March,Mar,1,2023
20230328,2023-03-28,Tuesday,13,March,Mar,1,2023
20230329,2023-03-29,Wednesday,13,March,Mar,1,2023
20230330,2023-03-30,Thursday,13,March,Mar,1,2023
20230331,2023-03-31,Friday,13,March,Mar,1,2023
20230401,2023-04-01,Saturday,13,April,Apr,2,2023
20230402,2023-04-02,Sunday,14,April,Apr,2,2023
20230403,2023-04-03,Monday,14,April,Apr,2,2023
20230404,2023-04-04,Tuesday,14,April,Apr,2,2023
20230405,2023-04-05,Wednesday,14,April,Apr,2,2023
20230406,2023-04-06,Thursday,14,April,Apr,2,2023
20230407,2023-04-07,Friday,14,April,Apr,2,2023
20230408,2023-04-08,Saturday,14,April,Apr,2,2023
20230409,2023-04-09,Sunday,15,April,Apr,2,2023
20230410,2023-04-10,Monday,15,April,Apr,2,2023
20230411,2023-04-11,Tuesday,15,April,Apr,2,2023
20230412,2023-04-12,Wednesday,15,April,Apr,2,2023
20230413,2023-04-13,Thursday,15,April,Apr,2,2023
20230414,2023-04-14,Friday,15,April,Apr,2,2023
20230415,2023-04-15,Saturday,15,April,Apr,2,2023
20230416,2023-04-16,Sunday,16,April,Apr,2,2023
20230417,2023-04-17,Monday,16,April,Apr,2,2023
20230418,2023-04-18,Tuesday,16,April,Apr,2,2023
20230419,2023-04-19,Wednesday,16,April,Apr,2,2023
20230420,2023-04-20,Thursday,16,April,Apr,2,2023
20230421,2023-04-21,Friday,16,April,Apr,2,2023
20230422,2023-04-22,Saturday,16,April,Apr,2,2023
20230423,2023-04-23,Sunday,17,April,Apr,2,2023
20230424,2023-04-24,Monday,17,April,Apr,2,2023
20230425,2023-04-25,Tuesday,17,April,Apr,2,2023
20230426,2023-04-26,Wednesday,17,April,Apr,2,2023
20230427,2023-04-27,Thursday,17,April,Apr,2,2023
20230428,2023-04-28,Friday,17,April,Apr,2,2023
20230429,2023-04-29,Saturday,17,April,Apr,2,2023
20230430,2023-04-30,Sunday,18,April,Apr,2,2023
20230501,2023-05-01,Monday,18,May,May,2,2023
20230502,2023-05-02,Tuesday,18,May,May,2,2023
20230503,2023-05-03,Wednesday,18,May,May,2,2023
20230504,2023-05-04,Thursday,18,May,May,2,2023
20230505,2023-05-05,Friday,18,May,May,2,2023
20230506,2023-05-06,Saturday,18,May,May,2,2023
20230507,2023-05-07,Sunday,19,May,May,2,2023
20230508,2023-05-08,Monday,19,May,May,2,2023
20230509,2023-05-09,Tuesday,19,May,May,2,2023
20230510,2023-05-10,Wednesday,19,May,May,2,2023
20230511,2023-05-11,Thursday,19,May,May,2,2023
20230512,2023-05-12,Friday,19,May,May,2,2023
20230513,2023-05-13,Saturday,19,May,May,2,2023
20230514,2023-05-14,Sunday,20,May,May,2,2023
20230515,2023-05-15,Monday,20,May,May,2,2023
20230516,2023-05-16,Tuesday,20,May,May,2,2023
20230517,2023-05-17,Wednesday,20,May,May,2,2023
20230518,2023-05-18,Thursday,20,May,May,2,2023
20230519,2023-05-19,Friday,20,May,May,2,2023
20230520,2023-05-20,Saturday,20,May,May,2,2023
20230521,2023-05-21,Sunday,21,May,May,2,2023
20230522,2023-05-22,Monday,21,May,May,2,2023
20230523,2023-05-23,Tuesday,21,May,May,2,2023
20230524,2023-05-24,Wednesday,21,May,May,2,2023
20230525,2023-05-25,Thursday,21,May,May,2,2023
20230526,2023-05-26,Friday,21,May,May,2,2023
20230527,2023-05-27,Saturday,21,May,May,2,2023
20230528,2023-05-28,Sunday,22,May,May,2,2023
20230529,2023-05-29,Monday,22,May,May,2,2023
20230530,2023-05-30,Tuesday,22,May,May,2,2023
20230531,2023-05-31,Wednesday,22,May,May,2,2023
20230601,2023-06-01,Thursday,22,June,Jun,2,2023
20230602,2023-06-02,Friday,22,June,Jun,2,2023
20230603,2023-06-03,Saturday,22,June,Jun,2,2023
20230604,2023-06-04,Sunday,23,June,Jun,2,2023
20230605,2023-06-05,Monday,23,June,Jun,2,2023
20230606,2023-06-06,Tuesday,23,June,Jun,2,2023
20230607,2023-06-07,Wednesday,23,June,Jun,2,2023
20230608,2023-06-08,Thursday,23,June,Jun,2,2023
20230609,2023-06-09,Friday,23,June,Jun,2,2023
20230610,2023-06-10,Saturday,23,June,Jun,2,2023
20230611,2023-06-11,Sunday,24,June,Jun,2,2023
20230612,2023-06-12,Monday,24,June,Jun,2,2023
20230613,2023-06-13,Tuesday,24,June,Jun,2,2023
20230614,2023-06-14,Wednesday,24,June,Jun,2,2023
20230615,2023-06-15,Thursday,24,June,Jun,2,2023
20230616,2023-06-16,Friday,24,June,Jun,2,2023
20230617,2023-06-17,Saturday,24,June,Jun,2,2023
20230618,2023-06-18,Sunday,25,June,Jun,2,2023
20230619,2023-06-19,Monday,25,June,Jun,2,2023
20230620,2023-06-20,Tuesday,25,June,Jun,2,2023
20230621,2023-06-21,Wednesday,25,June,Jun,2,2023
20230622,2023-06-22,Thursday,25,June,Jun,2,2023
20230623,2023-06-23,Friday,25,June,Jun,2,2023
20230624,2023-06-24,Saturday,25,June,Jun,2,2023
20230625,2023-06-25,Sunday,26,June,Jun,2,2023
20230626,2023-06-26,Monday,26,June,Jun,2,2023
20230627,2023-06-27,Tuesday,26,June,Jun,2,2023
20230628,2023-06-28,Wednesday,26,June,Jun,2,2023
20230629,2023-06-29,Thursday,26,June,Jun,2,2023
20230630,2023-06-30,Friday,26,June,Jun,2,2023
20230701,2023-07-01,Saturday,26,July,Jul,3,2023
20230702,2023-07-02,Sunday,27,July,Jul,3,2023
20230703,2023-07-03,Monday,27,July,Jul,3,2023
20230704,2023-07-04,Tuesday,27,July,Jul,3,2023
20230705,2023-07-05,Wednesday,27,July,Jul,3,2023
20230706,2023-07-06,Thursday,27,July,Jul,3,2023
20230707,2023-07-07,Friday,27,July,Jul,3,2023
20230708,2023-07-08,Saturday,27,July,Jul,3,2023
20230709,2023-07-09,Sunday,28,July,Jul,3,2023
20230710,2023-07-10,Monday,28,July,Jul,3,2023
20230711,2023-07-11,Tuesday,28,July,Jul,3,2023
20230712,2023-07-12,Wednesday,28,July,Jul,3,2023
20230713,2023-07-13,Thursday,28,July,Jul,3,2023
20230714,2023-07-14,Friday,28,July,Jul,3,2023
20230715,2023-07-15,Saturday,28,July,Jul,3,2023
20230716,2023-07-16,Sunday,29,July,Jul,3,2023
20230717,2023-07-17,Monday,29,July,Jul,3,2023
20230718,2023-07-18,Tuesday,29,July,Jul,3,2023
20230719,2023-07-19,Wednesday,29,July,Jul,3,2023
20230720,2023-07-20,Thursday,29,July,Jul,3,2023
20230721,2023-07-21,Friday,29,July,Jul,3,2023
20230722,2023-07-22,Saturday,29,July,Jul,3,2023
20230723,2023-07-23,Sunday,30,July,Jul,3,2023
20230724,2023-07-24,Monday,30,July,Jul,3,2023
20230725,2023-07-25,Tuesday,30,July,Jul,3,2023
20230726,2023-07-26,Wednesday,30,July,Jul,3,2023
20230727,2023-07-27,Thursday,30,July,Jul,3,2023
20230728,2023-07-28,Friday,30,July,Jul,3,2023
20230729,2023-07-29,Saturday,30,July,Jul,3,2023
20230730,2023-07-30,Sunday,31,July,Jul,3,2023
20230731,2023-07-31,Monday,31,July,Jul,3,2023
20230801,2023-08-01,Tuesday,31,August,Aug,3,2023
20230802,2023-08-02,Wednesday,31,August,Aug,3,2023
20230803,2023-08-03,Thursday,31,August,Aug,3,2023
20230804,2023-08-04,Friday,31,August,Aug,3,2023
20230805,2023-08-05,Saturday,31,August,Aug,3,2023
20230806,2023-08-06,Sunday,32,August,Aug,3,2023
20230807,2023-08-07,Monday,32,August,Aug,3,2023
20230808,2023-08-08,Tuesday,32,August,Aug,3,2023
20230809,2023-08-09,Wednesday,32,August,Aug,3,2023
20230810,2023-08-10,Thursday,32,August,Aug,3,2023
20230811,2023-08-11,Friday,32,August,Aug,3,2023
20230812,2023-08-12,Saturday,32,August,Aug,3,2023
20230813,2023-08-13,Sunday,33,August,Aug,3,2023
20230814,2023-08-14,Monday,33,August,Aug,3,2023
20230815,2023-08-15,Tuesday,33,August,Aug,3,2023
20230816,2023-08-16,Wednesday,33,August,Aug,3,2023
20230817,2023-08-17,Thursday,33,August,Aug,3,2023
20230818,2023-08-18,Friday,33,August,Aug,3,2023
20230819,2023-08-19,Saturday,33,August,Aug,3,2023
20230820,2023-08-20,Sunday,34,August,Aug,3,2023
20230821,2023-08-21,Monday,34,August,Aug,3,2023
20230822,2023-08-22,Tuesday,34,August,Aug,3,2023
20230823,2023-08-23,Wednesday,34,August,Aug,3,2023
20230824,2023-08-24,Thursday,34,August,Aug,3,2023
20230825,2023-08-25,Friday,34,August,Aug,3,2023
20230826,2023-08-26,Saturday,34,August,Aug,3,2023
20230827,2023-08-27,Sunday,35,August,Aug,3,2023
20230828,2023-08-28,Monday,35,August,Aug,3,2023
20230829,2023-08-29,Tuesday,35,August,Aug,3,2023
20230830,2023-08-30,Wednesday,35,August,Aug,3,2023
20230831,2023-08-31,Thursday,35,August,Aug,3,2023
20230901,2023-09-01,Friday,35,September,Sep,3,2023
20230902,2023-09-02,Saturday,35,September,Sep,3,2023
20230903,2023-09-03,Sunday,36,September,Sep,3,2023
20230904,2023-09-04,Monday,36,September,Sep,3,2023
20230905,2023-09-05,Tuesday,36,September,Sep,3,2023
20230906,2023-09-06,Wednesday,36,September,Sep,3,2023
20230907,2023-09-07,Thursday,36,September,Sep,3,2023
20230908,2023-09-08,Friday,36,September,Sep,3,2023
20230909,2023-09-09,Saturday,36,September,Sep,3,2023
20230910,2023-09-10,Sunday,37,September,Sep,3,2023
20230911,2023-09-11,Monday,37,September,Sep,3,2023
20230912,2023-09-12,Tuesday,37,September,Sep,3,2023
20230913,2023-09-13,Wednesday,37,September,Sep,3,2023
20230914,2023-09-14,Thursday,37,September,Sep,3,2023
20230915,2023-09-15,Friday,37,September,Sep,3,2023
20230916,2023-09-16,Saturday,37,September,Sep,3,2023
20230917,2023-09-17,Sunday,38,September,Sep,3,2023
20230918,2023-09-18,Monday,38,September,Sep,3,2023
20230919,2023-09-19,Tuesday,38,September,Sep,3,2023
20230920,2023-09-20,Wednesday,38,September,Sep,3,2023
20230921,2023-09-21,Thursday,38,September,Sep,3,2023
20230922,2023-09-22,Friday,38,September,Sep,3,2023
20230923,2023-09-23,Saturday,38,September,Sep,3,2023
20230924,2023-09-24,Sunday,39,September,Sep,3,2023
20230925,2023-09-25,Monday,39,September,Sep,3,2023
20230926,2023-09-26,Tuesday,39,September,Sep,3,2023
20230927,2023-09-27,Wednesday,39,September,Sep,3,2023
20230928,2023-09-28,Thursday,39,September,Sep,3,2023
20230929,2023-09-29,Friday,39,September,Sep,3,2023
20230930,2023-09-30,Saturday,39,September,Sep,3,2023
20231001,2023-10-01,Sunday,40,October,Oct,4,2023
20231002,2023-10-02,Monday,40,October,Oct,4,2023
20231003,2023-10-03,Tuesday,40,October,Oct,4,2023
20231004,2023-10-04,Wednesday,40,October,Oct,4,2023
20231005,2023-10-05,Thursday,40,October,Oct,4,2023
20231006,2023-10-06,Friday,40,October,Oct,4,2023
20231007,2023-10-07,Saturday,40,October,Oct,4,2023
20231008,2023-10-08,Sunday,41,October,Oct,4,2023
20231009,2023-10-09,Monday,41,October,Oct,4,2023
20231010,2023-10-10,Tuesday,41,October,Oct,4,2023
20231011,2023-10-11,Wednesday,41,October,Oct,4,2023
20231012,2023-10-12,Thursday,41,October,Oct,4,2023
20231013,2023-10-13,Friday,41,October,Oct,4,2023
20231014,2023-10-14,Saturday,41,October,Oct,4,2023
20231015,2023-10-15,Sunday,42,October,Oct,4,2023
20231016,2023-10-16,Monday,42,October,Oct,4,2023
20231017,2023-10-17,Tuesday,42,October,Oct,4,2023
20231018,2023-10-18,Wednesday,42,October,Oct,4,2023
20231019,2023-10-19,Thursday,42,October,Oct,4,2023
20231020,2023-10-20,Friday,42,October,Oct,4,2023
20231021,2023-10-21,Saturday,42,October,Oct,4,2023
20231022,2023-10-22,Sunday,43,October,Oct,4,2023
20231023,2023-10-23,Monday,43,October,Oct,4,2023
20231024,2023-10-24,Tuesday,43,October,Oct,4,2023
20231025,2023-10-25,Wednesday,43,October,Oct,4,2023
20231026,2023-10-26,Thursday,43,October,Oct,4,2023
20231027,2023-10-27,Friday,43,October,Oct,4,2023
20231028,2023-10-28,Saturday,43,October,Oct,4,2023
20231029,2023-10-29,Sunday,44,October,Oct,4,2023
20231030,2023-10-30,Monday,44,October,Oct,4,2023
20231031,2023-10-31,Tuesday,44,October,Oct,4,2023
20231101,2023-11-01,Wednesday,44,November,Nov,4,2023
20231102,2023-11-02,Thursday,44,November,Nov,4,2023
20231103,2023-11-03,Friday,44,November,Nov,4,2023
20231104,2023-11-04,Saturday,44,November,Nov,4,2023
20231105,2023-11-05,Sunday,45,November,Nov,4,2023
20231106,2023-11-06,Monday,45,November,Nov,4,2023
20231107,2023-11-07,Tuesday,45,November,Nov,4,2023
20231108,2023-11-08,Wednesday,45,November,Nov,4,2023
20231109,2023-11-09,Thursday,45,November,Nov,4,2023
20231110,2023-11-10,Friday,45,November,Nov,4,2023
20231111,2023-11-11,Saturday,45,November,Nov,4,2023
20231112,2023-11-12,Sunday,46,November,Nov,4,2023
20231113,2023-11-13,Monday,46,November,Nov,4,2023
20231114,2023-11-14,Tuesday,46,November,Nov,4,2023
20231115,2023-11-15,Wednesday,46,November,Nov,4,2023
20231116,2023-11-16,Thursday,46,November,Nov,4,2023
20231117,2023-11-17,Friday,46,November,Nov,4,2023
20231118,2023-11-18,Saturday,46,November,Nov,4,2023
20231119,2023-11-19,Sunday,47,November,Nov,4,2023
20231120,2023-11-20,Monday,47,November,Nov,4,2023
20231121,2023-11-21,Tuesday,47,November,Nov,4,2023
20231122,2023-11-22,Wednesday,47,November,Nov,4,2023
20231123,2023-11-23,Thursday,47,November,Nov,4,2023
20231124,2023-11-24,Friday,47,November,Nov,4,2023
20231125,2023-11-25,Saturday,47,November,Nov,4,2023
20231126,2023-11-26,Sunday,48,November,Nov,4,2023
20231127,2023-11-27,Monday,48,November,Nov,4,2023
20231128,2023-11-28,Tuesday,48,November,Nov,4,2023
20231129,2023-11-29,Wednesday,48,November,Nov,4,2023
20231130,2023-11-30,Thursday,48,November,Nov,4,2023
20231201,2023-12-01,Friday,48,December,Dec,4,2023
20231202,2023-12-02,Saturday,48,December,Dec,4,2023
20231203,2023-12-03,Sunday,49,December,Dec,4,2023
20231204,2023-12-04,Monday,49,December,Dec,4,2023
20231205,2023-12-05,Tuesday,49,December,Dec,4,2023
20231206,2023-12-06,Wednesday,49,December,Dec,4,2023
20231207,2023-12-07,Thursday,49,December,Dec,4,2023
20231208,2023-12-08,Friday,49,December,Dec,4,2023
20231209,2023-12-09,Saturday,49,December,Dec,4,2023
20231210,2023-12-10,Sunday,50,December,Dec,4,2023
20231211,2023-12-11,Monday,50,December,Dec,4,2023
20231212,2023-12-12,Tuesday,50,December,Dec,4,2023
20231213,2023-12-13,Wednesday,50,December,Dec,4,2023
20231214,2023-12-14,Thursday,50,December,Dec,4,2023
20231215,2023-12-15,Friday,50,December,Dec,4,2023
20231216,2023-12-16,Saturday,50,December,Dec,4,2023
20231217,2023-12-17,Sunday,51,December,Dec,4,2023
20231218,2023-12-18,Monday,51,December,Dec,4,2023
20231219,2023-12-19,Tuesday,51,December,Dec,4,2023
20231220,2023-12-20,Wednesday,51,December,Dec,4,2023
20231221,2023-12-21,Thursday,51,December,Dec,4,2023
20231222,2023-12-22,Friday,51,December,Dec,4,2023
20231223,2023-12-23,Saturday,51,December,Dec,4,2023
20231224,2023-12-24,Sunday,52,December,Dec,4,2023
20231225,2023-12-25,Monday,52,December,Dec,4,2023
20231226,2023-12-26,Tuesday,52,December,Dec,4,2023
20231227,2023-12-27,Wednesday,52,December,Dec,4,2023
20231228,2023-12-28,Thursday,52,December,Dec,4,2023
20231229,2023-12-29,Friday,52,December,Dec,4,2023
20231230,2023-12-30,Saturday,52,December,Dec,4,2023
20231231,2023-12-31,Sunday,53,December,Dec,4,2023
20240101,2024-01-01,Monday,1,January,Jan,1,2024
20240102,2024-01-02,Tuesday,1,January,Jan,1,2024
20240103,2024-01-03,Wednesday,1,January,Jan,1,2024
20240104,2024-01-04,Thursday,1,January,Jan,1,2024
20240105,2024-01-05,Friday,1,January,Jan,1,2024
20240106,2024-01-06,Saturday,1,January,Jan,1,2024
20240107,2024-01-07,Sunday,2,January,Jan,1,2024
20240108,2024-01-08,Monday,2,January,Jan,1,2024
20240109,2024-01-09,Tuesday,2,January,Jan,1,2024
20240110,2024-01-10,Wednesday,2,January,Jan,1,2024
20240111,2024-01-11,Thursday,2,January,Jan,1,2024
20240112,2024-01-12,Friday,2,January,Jan,1,2024
20240113,2024-01-13,Saturday,2,January,Jan,1,2024
20240114,2024-01-14,Sunday,3,January,Jan,1,2024
20240115,2024-01-15,Monday,3,January,Jan,1,2024
20240116,2024-01-16,Tuesday,3,January,Jan,1,2024
20240117,2024-01-17,Wednesday,3,January,Jan,1,2024
20240118,2024-01-18,Thursday,3,January,Jan,1,2024
20240119,2024-01-19,Friday,3,January,Jan,1,2024
20240120,2024-01-20,Saturday,3,January,Jan,1,2024
20240121,2024-01-21,Sunday,4,January,Jan,1,2024
20240122,2024-01-22,Monday,4,January,Jan,1,2024
20240123,2024-01-23,Tuesday,4,January,Jan,1,2024
20240124,2024-01-24,Wednesday,4,January,Jan,1,2024
20240125,2024-01-25,Thursday,4,January,Jan,1,2024
20240126,2024-01-26,Friday,4,January,Jan,1,2024
20240127,2024-01-27,Saturday,4,January,Jan,1,2024
20240128,2024-01-28,Sunday,5,January,Jan,1,2024
20240129,2024-01-29,Monday,5,January,Jan,1,2024
20240130,2024-01-30,Tuesday,5,January,Jan,1,2024
20240131,2024-01-31,Wednesday,5,January,Jan,1,2024
20240201,2024-02-01,Thursday,5,February,Feb,1,2024
20240202,2024-02-02,Friday,5,February,Feb,1,2024
20240203,2024-02-03,Saturday,5,February,Feb,1,2024
20240204,2024-02-04,Sunday,6,February,Feb,1,2024
20240205,2024-02-05,Monday,6,February,Feb,1,2024
20240206,2024-02-06,Tuesday,6,February,Feb,1,2024
20240207,2024-02-07,Wednesday,6,February,Feb,1,2024
20240208,2024-02-08,Thursday,6,February,Feb,1,2024
20240209,2024-02-09,Friday,6,February,Feb,1,2024
20240210,2024-02-10,Saturday,6,February,Feb,1,2024
20240211,2024-02-11,Sunday,7,February,Feb,1,2024
20240212,2024-02-12,Monday,7,February,Feb,1,2024
20240213,2024-02-13,Tuesday,7,February,Feb,1,2024
20240214,2024-02-14,Wednesday,7,February,Feb,1,2024
20240215,2024-02-15,Thursday,7,February,Feb,1,2024
20240216,2024-02-16,Friday,7,February,Feb,1,2024
20240217,2024-02-17,Saturday,7,February,Feb,1,2024
20240218,2024-02-18,Sunday,8,February,Feb,1,2024
20240219,2024-02-19,Monday,8,February,Feb,1,2024
20240220,2024-02-20,Tuesday,8,February,Feb,1,2024
20240221,2024-02-21,Wednesday,8,February,Feb,1,2024
20240222,2024-02-22,Thursday,8,February,Feb,1,2024
20240223,2024-02-23,Friday,8,February,Feb,1,2024
20240224,2024-02-24,Saturday,8,February,Feb,1,2024
20240225,2024-02-25,Sunday,9,February,Feb,1,2024
20240226,2024-02-26,Monday,9,February,Feb,1,2024
20240227,2024-02-27,Tuesday,9,February,Feb,1,2024
20240228,2024-02-28,Wednesday,9,February,Feb,1,2024
20240229,2024-02-29,Thursday,9,February,Feb,1,2024
20240301,2024-03-01,Friday,9,March,Mar,1,2024
20240302,2024-03-02,Saturday,9,March,Mar,1,2024
20240303,2024-03-03,Sunday,10,March,Mar,1,2024
20240304,2024-03-04,Monday,10,March,Mar,1,2024
20240305,2024-03-05,Tuesday,10,March,Mar,1,2024
20240306,2024-03-06,Wednesday,10,March,Mar,1,2024
20240307,2024-03-07,Thursday,10,March,Mar,1,2024
20240308,2024-03-08,Friday,10,March,Mar,1,2024
20240309,2024-03-09,Saturday,10,March,Mar,1,2024
20240310,2024-03-10,Sunday,11,March,Mar,1,2024
20240311,2024-03-11,Monday,11,March,Mar,1,2024
20240312,2024-03-12,Tuesday,11,March,Mar,1,2024
20240313,2024-03-13,Wednesday,11,March,Mar,1,2024
20240314,2024-03-14,Thursday,11,March,Mar,1,2024
20240315,2024-03-15,Friday,11,March,Mar,1,2024
20240316,2024-03-16,Saturday,11,March,Mar,1,2024
20240317,2024-03-17,Sunday,12,March,Mar,1,2024
20240318,2024-03-18,Monday,12,March,Mar,1,2024
20240319,2024-03-19,Tuesday,12,March,Mar,1,2024
20240320,2024-03-20,Wednesday,12,March,Mar,1,2024
20240321,2024-03-21,Thursday,12,March,Mar,1,2024
20240322,2024-03-22,Friday,12,March,Mar,1,2024
20240323,2024-03-23,Saturday,12,March,Mar,1,2024
20240324,2024-03-24,Sunday,13,March,Mar,1,2024
20240325,2024-03-25,Monday,13,March,Mar,1,2024
20240326,2024-03-26,Tuesday,13,March,Mar,1,2024
20240327,2024-03-27,Wednesday,13,March,Mar,1,2024
20240328,2024-03-28,Thursday,13,March,Mar,1,2024
20240329,2024-03-29,Friday,13,March,Mar,1,2024
20240330,2024-03-30,Saturday,13,March,Mar,1,2024
20240331,2024-03-31,Sunday,14,March,Mar,1,2024
20240401,2024-04-01,Monday,14,April,Apr,2,2024
20240402,2024-04-02,Tuesday,14,April,Apr,2,2024
20240403,2024-04-03,Wednesday,14,April,Apr,2,2024
20240404,2024-04-04,Thursday,14,April,Apr,2,2024
20240405,2024-04-05,Friday,14,April,Apr,2,2024
20240406,2024-04-06,Saturday,14,April,Apr,2,2024
20240407,2024-04-07,Sunday,15,April,Apr,2,2024
20240408,2024-04-08,Monday,15,April,Apr,2,2024
20240409,2024-04-09,Tuesday,15,April,Apr,2,2024
20240410,2024-04-10,Wednesday,15,April,Apr,2,2024
20240411,2024-04-11,Thursday,15,April,Apr,2,2024
20240412,2024-04-12,Friday,15,April,Apr,2,2024
20240413,2024-04-13,Saturday,15,April,Apr,2,2024
20240414,2024-04-14,Sunday,16,April,Apr,2,2024
20240415,2024-04-15,Monday,16,April,Apr,2,2024
20240416,2024-04-16,Tuesday,16,April,Apr,2,2024
20240417,2024-04-17,Wednesday,16,April,Apr,2,2024
20240418,2024-04-18,Thursday,16,April,Apr,2,2024
20240419,2024-04-19,Friday,16,April,Apr,2,2024
20240420,2024-04-20,Saturday,16,April,Apr,2,2024
20240421,2024-04-21,Sunday,17,April,Apr,2,2024
20240422,2024-04-22,Monday,17,April,Apr,2,2024
20240423,2024-04-23,Tuesday,17,April,Apr,2,2024
20240424,2024-04-24,Wednesday,17,April,Apr,2,2024
20240425,2024-04-25,Thursday,17,April,Apr,2,2024
20240426,2024-04-26,Friday,17,April,Apr,2,2024
20240427,2024-04-27,Saturday,17,April,Apr,2,2024
20240428,2024-04-28,Sunday,18,April,Apr,2,2024
20240429,2024-04-29,Monday,18,April,Apr,2,2024
20240430,2024-04-30,Tuesday,18,April,Apr,2,2024
20240501,2024-05-01,Wednesday,18,May,May,2,2024
20240502,2024-05-02,Thursday,18,May,May,2,2024
20240503,2024-05-03,Friday,18,May,May,2,2024
20240504,2024-05-04,Saturday,18,May,May,2,2024
20240505,2024-05-05,Sunday,19,May,May,2,2024
20240506,2024-05-06,Monday,19,May,May,2,2024
20240507,2024-05-07,Tuesday,19,May,May,2,2024
20240508,2024-05-08,Wednesday,19,May,May,2,2024
20240509,2024-05-09,Thursday,19,May,May,2,2024
20240510,2024-05-10,Friday,19,May,May,2,2024
20240511,2024-05-11,Saturday,19,May,May,2,2024
20240512,2024-05-12,Sunday,20,May,May,2,2024
20240513,2024-05-13,Monday,20,May,May,2,2024
20240514,2024-05-14,Tuesday,20,May,May,2,2024
20240515,2024-05-15,Wednesday,20,May,May,2,2024
20240516,2024-05-16,Thursday,20,May,May,2,2024
20240517,2024-05-17,Friday,20,May,May,2,2024
20240518,2024-05-18,Saturday,20,May,May,2,2024
20240519,2024-05-19,Sunday,21,May,May,2,2024
20240520,2024-05-20,Monday,21,May,May,2,2024
20240521,2024-05-21,Tuesday,21,May,May,2,2024
20240522,2024-05-22,Wednesday,21,May,May,2,2024
20240523,2024-05-23,Thursday,21,May,May,2,2024
20240524,2024-05-24,Friday,21,May,May,2,2024
20240525,2024-05-25,Saturday,21,May,May,2,2024
20240526,2024-05-26,Sunday,22,May,May,2,2024
20240527,2024-05-27,Monday,22,May,May,2,2024
20240528,2024-05-28,Tuesday,22,May,May,2,2024
20240529,2024-05-29,Wednesday,22,May,May,2,2024
20240530,2024-05-30,Thursday,22,May,May,2,2024
20240531,2024-05-31,Friday,22,May,May,2,2024
20240601,2024-06-01,Saturday,22,June,Jun,2,2024
20240602,2024-06-02,Sunday,23,June,Jun,2,2024
20240603,2024-06-03,Monday,23,June,Jun,2,2024
20240604,2024-06-04,Tuesday,23,June,Jun,2,2024
20240605,2024-06-05,Wednesday,23,June,Jun,2,2024
20240606,2024-06-06,Thursday,23,June,Jun,2,2024
20240607,2024-06-07,Friday,23,June,Jun,2,2024
20240608,2024-06-08,Saturday,23,June,Jun,2,2024
20240609,2024-06-09,Sunday,24,June,Jun,2,2024
20240610,2024-06-10,Monday,24,June,Jun,2,2024
20240611,2024-06-11,Tuesday,24,June,Jun,2,2024
20240612,2024-06-12,Wednesday,24,June,Jun,2,2024
20240613,2024-06-13,Thursday,24,June,Jun,2,2024
20240614,2024-06-14,Friday,24,June,Jun,2,2024
20240615,2024-06-15,Saturday,24,June,Jun,2,2024
20240616,2024-06-16,Sunday,25,June,Jun,2,2024
20240617,2024-06-17,Monday,25,June,Jun,2,2024
20240618,2024-06-18,Tuesday,25,June,Jun,2,2024
20240619,2024-06-19,Wednesday,25,June,Jun,2,2024
20240620,2024-06-20,Thursday,25,June,Jun,2,2024
20240621,2024-06-21,Friday,25,June,Jun,2,2024
20240622,2024-06-22,Saturday,25,June,Jun,2,2024
20240623,2024-06-23,Sunday,26,June,Jun,2,2024
20240624,2024-06-24,Monday,26,June,Jun,2,2024
20240625,2024-06-25,Tuesday,26,June,Jun,2,2024
20240626,2024-06-26,Wednesday,26,June,Jun,2,2024
20240627,2024-06-27,Thursday,26,June,Jun,2,2024
20240628,2024-06-28,Friday,26,June,Jun,2,2024
20240629,2024-06-29,Saturday,26,June,Jun,2,2024
20240630,2024-06-30,Sunday,27,June,Jun,2,2024
20240701,2024-07-01,Monday,27,July,Jul,3,2024
20240702,2024-07-02,Tuesday,27,July,Jul,3,2024
20240703,2024-07-03,Wednesday,27,July,Jul,3,2024
20240704,2024-07-04,Thursday,27,July,Jul,3,2024
20240705,2024-07-05,Friday,27,July,Jul,3,2024
20240706,2024-07-06,Saturday,27,July,Jul,3,2024
20240707,2024-07-07,Sunday,28,July,Jul,3,2024
20240708,2024-07-08,Monday,28,July,Jul,3,2024
20240709,2024-07-09,Tuesday,28,July,Jul,3,2024
20240710,2024-07-10,Wednesday,28,July,Jul,3,2024
20240711,2024-07-11,Thursday,28,July,Jul,3,2024
20240712,2024-07-12,Friday,28,July,Jul,3,2024
20240713,2024-07-13,Saturday,28,July,Jul,3,2024
20240714,2024-07-14,Sunday,29,July,Jul,3,2024
20240715,2024-07-15,Monday,29,July,Jul,3,2024
20240716,2024-07-16,Tuesday,29,July,Jul,3,2024
20240717,2024-07-17,Wednesday,29,July,Jul,3,2024
20240718,2024-07-18,Thursday,29,July,Jul,3,2024
20240719,2024-07-19,Friday,29,July,Jul,3,2024
20240720,2024-07-20,Saturday,29,July,Jul,3,2024
20240721,2024-07-21,Sunday,30,July,Jul,3,2024
20240722,2024-07-22,Monday,30,July,Jul,3,2024
20240723,2024-07-23,Tuesday,30,July,Jul,3,2024
20240724,2024-07-24,Wednesday,30,July,Jul,3,2024
20240725,2024-07-25,Thursday,30,July,Jul,3,2024
20240726,2024-07-26,Friday,30,July,Jul,3,2024
20240727,2024-07-27,Saturday,30,July,Jul,3,2024
20240728,2024-07-28,Sunday,31,July,Jul,3,2024
20240729,2024-07-29,Monday,31,July,Jul,3,2024
20240730,2024-07-30,Tuesday,31,July,Jul,3,2024
20240731,2024-07-31,Wednesday,31,July,Jul,3,2024
20240801,2024-08-01,Thursday,31,August,Aug,3,2024
20240802,2024-08-02,Friday,31,August,Aug,3,2024
20240803,2024-08-03,Saturday,31,August,Aug,3,2024
20240804,2024-08-04,Sunday,32,August,Aug,3,2024
20240805,2024-08-05,Monday,32,August,Aug,3,2024
20240806,2024-08-06,Tuesday,32,August,Aug,3,2024
20240807,2024-08-07,Wednesday,32,August,Aug,3,2024
20240808,2024-08-08,Thursday,32,August,Aug,3,2024
20240809,2024-08-09,Friday,32,August,Aug,3,2024
20240810,2024-08-10,Saturday,32,August,Aug,3,2024
20240811,2024-08-11,Sunday,33,August,Aug,3,2024
20240812,2024-08-12,Monday,33,August,Aug,3,2024
20240813,2024-08-13,Tuesday,33,August,Aug,3,2024
20240814,2024-08-14,Wednesday,33,August,Aug,3,2024
20240815,2024-08-15,Thursday,33,August,Aug,3,2024
20240816,2024-08-16,Friday,33,August,Aug,3,2024
20240817,2024-08-17,Saturday,33,August,Aug,3,2024
20240818,2024-08-18,Sunday,34,August,Aug,3,2024
20240819,2024-08-19,Monday,34,August,Aug,3,2024
20240820,2024-08-20,Tuesday,34,August,Aug,3,2024
20240821,2024-08-21,Wednesday,34,August,Aug,3,2024
20240822,2024-08-22,Thursday,34,August,Aug,3,2024
20240823,2024-08-23,Friday,34,August,Aug,3,2024
20240824,2024-08-24,Saturday,34,August,Aug,3,2024
20240825,2024-08-25,Sunday,35,August,Aug,3,2024
20240826,2024-08-26,Monday,35,August,Aug,3,2024
20240827,2024-08-27,Tuesday,35,August,Aug,3,2024
20240828,2024-08-28,Wednesday,35,August,Aug,3,2024
20240829,2024-08-29,Thursday,35,August,Aug,3,2024
20240830,2024-08-30,Friday,35,August,Aug,3,2024
20240831,2024-08-31,Saturday,35,August,Aug,3,2024
20240901,2024-09-01,Sunday,36,September,Sep,3,2024
20240902,2024-09-02,Monday,36,September,Sep,3,2024
20240903,2024-09-03,Tuesday,36,September,Sep,3,2024
20240904,2024-09-04,Wednesday,36,September,Sep,3,2024
20240905,2024-09-05,Thursday,36,September,Sep,3,2024
20240906,2024-09-06,Friday,36,September,Sep,3,2024
20240907,2024-09-07,Saturday,36,September,Sep,3,2024
20240908,2024-09-08,Sunday,37,September,Sep,3,2024
20240909,2024-09-09,Monday,37,September,Sep,3,2024
20240910,2024-09-10,Tuesday,37,September,Sep,3,2024
20240911,2024-09-11,Wednesday,37,September,Sep,3,2024
20240912,2024-09-12,Thursday,37,September,Sep,3,2024
20240913,2024-09-13,Friday,37,September,Sep,3,2024
20240914,2024-09-14,Saturday,37,September,Sep,3,2024
20240915,2024-09-15,Sunday,38,September,Sep,3,2024
20240916,2024-09-16,Monday,38,September,Sep,3,2024
20240917,2024-09-17,Tuesday,38,September,Sep,3,2024
20240918,2024-09-18,Wednesday,38,September,Sep,3,2024
20240919,2024-09-19,Thursday,38,September,Sep,3,2024
20240920,2024-09-20,Friday,38,September,Sep,3,2024
20240921,2024-09-21,Saturday,38,September,Sep,3,2024
20240922,2024-09-22,Sunday,39,September,Sep,3,2024
20240923,2024-09-23,Monday,39,September,Sep,3,2024
20240924,2024-09-24,Tuesday,39,September,Sep,3,2024
20240925,2024-09-25,Wednesday,39,September,Sep,3,2024
20240926,2024-09-26,Thursday,39,September,Sep,3,2024
20240927,2024-09-27,Friday,39,September,Sep,3,2024
20240928,2024-09-28,Saturday,39,September,Sep,3,2024
20240929,2024-09-29,Sunday,40,September,Sep,3,2024
20240930,2024-09-30,Monday,40,September,Sep,3,2024
20241001,2024-10-01,Tuesday,40,October,Oct,4,2024
20241002,2024-10-02,Wednesday,40,October,Oct,4,2024
20241003,2024-10-03,Thursday,40,October,Oct,4,2024
20241004,2024-10-04,Friday,40,October,Oct,4,2024
20241005,2024-10-05,Saturday,40,October,Oct,4,2024
20241006,2024-10-06,Sunday,41,October,Oct,4,2024
20241007,2024-10-07,Monday,41,October,Oct,4,2024
20241008,2024-10-08,Tuesday,41,October,Oct,4,2024
20241009,2024-10-09,Wednesday,41,October,Oct,4,2024
20241010,2024-10-10,Thursday,41,October,Oct,4,2024
20241011,2024-10-11,Friday,41,October,Oct,4,2024
20241012,2024-10-12,Saturday,41,October,Oct,4,2024
20241013,2024-10-13,Sunday,42,October,Oct,4,2024
20241014,2024-10-14,Monday,42,October,Oct,4,2024
20241015,2024-10-15,Tuesday,42,October,Oct,4,2024
20241016,2024-10-16,Wednesday,42,October,Oct,4,2024
20241017,2024-10-17,Thursday,42,October,Oct,4,2024
20241018,2024-10-18,Friday,42,October,Oct,4,2024
20241019,2024-10-19,Saturday,42,October,Oct,4,2024
20241020,2024-10-20,Sunday,43,October,Oct,4,2024
20241021,2024-10-21,Monday,43,October,Oct,4,2024
20241022,2024-10-22,Tuesday,43,October,Oct,4,2024
20241023,2024-10-23,Wednesday,43,October,Oct,4,2024
20241024,2024-10-24,Thursday,43,October,Oct,4,2024
20241025,2024-10-25,Friday,43,October,Oct,4,2024
20241026,2024-10-26,Saturday,43,October,Oct,4,2024
20241027,2024-10-27,Sunday,44,October,Oct,4,2024
20241028,2024-10-28,Monday,44,October,Oct,4,2024
20241029,2024-10-29,Tuesday,44,October,Oct,4,2024
20241030,2024-10-30,Wednesday,44,October,Oct,4,2024
20241031,2024-10-31,Thursday,44,October,Oct,4,2024
20241101,2024-11-01,Friday,44,November,Nov,4,2024
20241102,2024-11-02,Saturday,44,November,Nov,4,2024
20241103,2024-11-03,Sunday,45,November,Nov,4,2024
20241104,2024-11-04,Monday,45,November,Nov,4,2024
20241105,2024-11-05,Tuesday,45,November,Nov,4,2024
20241106,2024-11-06,Wednesday,45,November,Nov,4,2024
20241107,2024-11-07,Thursday,45,November,Nov,4,2024
20241108,2024-11-08,Friday,45,November,Nov,4,2024
20241109,2024-11-09,Saturday,45,November,Nov,4,2024
20241110,2024-11-10,Sunday,46,November,Nov,4,2024
20241111,2024-11-11,Monday,46,November,Nov,4,2024
20241112,2024-11-12,Tuesday,46,November,Nov,4,2024
20241113,2024-11-13,Wednesday,46,November,Nov,4,2024
20241114,2024-11-14,Thursday,46,November,Nov,4,2024
20241115,2024-11-15,Friday,46,November,Nov,4,2024
20241116,2024-11-16,Saturday,46,November,Nov,4,2024
20241117,2024-11-17,Sunday,47,November,Nov,4,2024
20241118,2024-11-18,Monday,47,November,Nov,4,2024
20241119,2024-11-19,Tuesday,47,November,Nov,4,2024
20241120,2024-11-20,Wednesday,47,November,Nov,4,2024
20241121,2024-11-21,Thursday,47,November,Nov,4,2024
20241122,2024-11-22,Friday,47,November,Nov,4,2024
20241123,2024-11-23,Saturday,47,November,Nov,4,2024
20241124,2024-11-24,Sunday,48,November,Nov,4,2024
20241125,2024-11-25,Monday,48,November,Nov,4,2024
20241126,2024-11-26,Tuesday,48,November,Nov,4,2024
20241127,2024-11-27,Wednesday,48,November,Nov,4,2024
20241128,2024-11-28,Thursday,48,November,Nov,4,2024
20241129,2024-11-29,Friday,48,November,Nov,4,2024
20241130,2024-11-30,Saturday,48,November,Nov,4,2024
20241201,2024-12-01,Sunday,49,December,Dec,4,2024
20241202,2024-12-02,Monday,49,December,Dec,4,2024
20241203,2024-12-03,Tuesday,49,December,Dec,4,2024
20241204,2024-12-04,Wednesday,49,December,Dec,4,2024
20241205,2024-12-05,Thursday,49,December,Dec,4,2024
20241206,2024-12-06,Friday,49,December,Dec,4,2024
20241207,2024-12-07,Saturday,49,December,Dec,4,2024
20241208,2024-12-08,Sunday,50,December,Dec,4,2024
20241209,2024-12-09,Monday,50,December,Dec,4,2024
20241210,2024-12-10,Tuesday,50,December,Dec,4,2024
20241211,2024-12-11,Wednesday,50,December,Dec,4,2024
20241212,2024-12-12,Thursday,50,December,Dec,4,2024
20241213,2024-12-13,Friday,50,December,Dec,4,2024
20241214,2024-12-14,Saturday,50,December,Dec,4,2024
20241215,2024-12-15,Sunday,51,December,Dec,4,2024
20241216,2024-12-16,Monday,51,December,Dec,4,2024
20241217,2024-12-17,Tuesday,51,December,Dec,4,2024
20241218,2024-12-18,Wednesday,51,December,Dec,4,2024
20241219,2024-12-19,Thursday,51,December,Dec,4,2024
20241220,2024-12-20,Friday,51,December,Dec,4,2024
20241221,2024-12-21,Saturday,51,December,Dec,4,2024
20241222,2024-12-22,Sunday,52,December,Dec,4,2024
20241223,2024-12-23,Monday,52,December,Dec,4,2024
20241224,2024-12-24,Tuesday,52,December,Dec,4,2024
20241225,2024-12-25,Wednesday,52,December,Dec,4,2024
20241226,2024-12-26,Thursday,52,December,Dec,4,2024
20241227,2024-12-27,Friday,52,December,Dec,4,2024
20241228,2024-12-28,Saturday,52,December,Dec,4,2024
20241229,2024-12-29,Sunday,53,December,Dec,4,2024
20241230,2024-12-30,Monday,53,December,Dec,4,2024
20241231,2024-12-31,Tuesday,53,December,Dec,4,2024
20250101,2025-01-01,Wednesday,1,January,Jan,1,2025
20250102,2025-01-02,Thursday,1,January,Jan,1,2025
20250103,2025-01-03,Friday,1,January,Jan,1,2025
20250104,2025-01-04,Saturday,1,January,Jan,1,2025
20250105,2025-01-05,Sunday,2,January,Jan,1,2025
20250106,2025-01-06,Monday,2,January,Jan,1,2025
20250107,2025-01-07,Tuesday,2,January,Jan,1,2025
20250108,2025-01-08,Wednesday,2,January,Jan,1,2025
20250109,2025-01-09,Thursday,2,January,Jan,1,2025
20250110,2025-01-10,Friday,2,January,Jan,1,2025
20250111,2025-01-11,Saturday,2,January,Jan,1,2025
20250112,2025-01-12,Sunday,3,January,Jan,1,2025
20250113,2025-01-13,Monday,3,January,Jan,1,2025
20250114,2025-01-14,Tuesday,3,January,Jan,1,2025
20250115,2025-01-15,Wednesday,3,January,Jan,1,2025
20250116,2025-01-16,Thursday,3,January,Jan,1,2025
20250117,2025-01-17,Friday,3,January,Jan,1,2025
20250118,2025-01-18,Saturday,3,January,Jan,1,2025
20250119,2025-01-19,Sunday,4,January,Jan,1,2025
20250120,2025-01-20,Monday,4,January,Jan,1,2025
20250121,2025-01-21,Tuesday,4,January,Jan,1,2025
20250122,2025-01-22,Wednesday,4,January,Jan,1,2025
20250123,2025-01-23,Thursday,4,January,Jan,1,2025
20250124,2025-01-24,Friday,4,January,Jan,1,2025
20250125,2025-01-25,Saturday,4,January,Jan,1,2025
20250126,2025-01-26,Sunday,5,January,Jan,1,2025
20250127,2025-01-27,Monday,5,January,Jan,1,2025
20250128,2025-01-28,Tuesday,5,January,Jan,1,2025
20250129,2025-01-29,Wednesday,5,January,Jan,1,2025
20250130,2025-01-30,Thursday,5,January,Jan,1,2025
20250131,2025-01-31,Friday,5,January,Jan,1,2025
20250201,2025-02-01,Saturday,5,February,Feb,1,2025
20250202,2025-02-02,Sunday,6,February,Feb,1,2025
20250203,2025-02-03,Monday,6,February,Feb,1,2025
20250204,2025-02-04,Tuesday,6,February,Feb,1,2025
20250205,2025-02-05,Wednesday,6,February,Feb,1,2025
20250206,2025-02-06,Thursday,6,February,Feb,1,2025
20250207,2025-02-07,Friday,6,February,Feb,1,2025
20250208,2025-02-08,Saturday,6,February,Feb,1,2025
20250209,2025-02-09,Sunday,7,February,Feb,1,2025
20250210,2025-02-10,Monday,7,February,Feb,1,2025
20250211,2025-02-11,Tuesday,7,February,Feb,1,2025
20250212,2025-02-12,Wednesday,7,February,Feb,1,2025
20250213,2025-02-13,Thursday,7,February,Feb,1,2025
20250214,2025-02-14,Friday,7,February,Feb,1,2025
20250215,2025-02-15,Saturday,7,February,Feb,1,2025
20250216,2025-02-16,Sunday,8,February,Feb,1,2025
20250217,2025-02-17,Monday,8,February,Feb,1,2025
20250218,2025-02-18,Tuesday,8,February,Feb,1,2025
20250219,2025-02-19,Wednesday,8,February,Feb,1,2025
20250220,2025-02-20,Thursday,8,February,Feb,1,2025
20250221,2025-02-21,Friday,8,February,Feb,1,2025
20250222,2025-02-22,Saturday,8,February,Feb,1,2025
20250223,2025-02-23,Sunday,9,February,Feb,1,2025
20250224,2025-02-24,Monday,9,February,Feb,1,2025
20250225,2025-02-25,Tuesday,9,February,Feb,1,2025
20250226,2025-02-26,Wednesday,9,February,Feb,1,2025
20250227,2025-02-27,Thursday,9,February,Feb,1,2025
20250228,2025-02-28,Friday,9,February,Feb,1,2025
20250301,2025-03-01,Saturday,9,March,Mar,1,2025
20250302,2025-03-02,Sunday,10,March,Mar,1,2025
20250303,2025-03-03,Monday,10,March,Mar,1,2025
20250304,2025-03-04,Tuesday,10,March,Mar,1,2025
20250305,2025-03-05,Wednesday,10,March,Mar,1,2025
20250306,2025-03-06,Thursday,10,March,Mar,1,2025
20250307,2025-03-07,Friday,10,March,Mar,1,2025
20250308,2025-03-08,Saturday,10,March,Mar,1,2025
20250309,2025-03-09,Sunday,11,March,Mar,1,2025
20250310,2025-03-10,Monday,11,March,Mar,1,2025
20250311,2025-03-11,Tuesday,11,March,Mar,1,2025
20250312,2025-03-12,Wednesday,11,March,Mar,1,2025
20250313,2025-03-13,Thursday,11,March,Mar,1,2025
20250314,2025-03-14,Friday,11,March,Mar,1,2025
20250315,2025-03-15,Saturday,11,March,Mar,1,2025
20250316,2025-03-16,Sunday,12,March,Mar,1,2025
20250317,2025-03-17,Monday,12,March,Mar,1,2025
20250318,2025-03-18,Tuesday,12,March,Mar,1,2025
20250319,2025-03-19,Wednesday,12,March,Mar,1,2025
20250320,2025-03-20,Thursday,12,March,Mar,1,2025
20250321,2025-03-21,Friday,12,March,Mar,1,2025
20250322,2025-03-22,Saturday,12,March,Mar,1,2025
20250323,2025-03-23,Sunday,13,March,Mar,1,2025
20250324,2025-03-24,Monday,13,March,Mar,1,2025
20250325,2025-03-25,Tuesday,13,March,Mar,1,2025
20250326,2025-03-26,Wednesday,13,March,Mar,1,2025
20250327,2025-03-27,Thursday,13,March,Mar,1,2025
20250328,2025-03-28,Friday,13,March,Mar,1,2025
20250329,2025-03-29,Saturday,13,March,Mar,1,2025
20250330,2025-03-30,Sunday,14,March,Mar,1,2025
20250331,2025-03-31,Monday,14,March,Mar,1,2025
20250401,2025-04-01,Tuesday,14,April,Apr,2,2025
20250402,2025-04-02,Wednesday,14,April,Apr,2,2025
20250403,2025-04-03,Thursday,14,April,Apr,2,2025
20250404,2025-04-04,Friday,14,April,Apr,2,2025
20250405,2025-04-05,Saturday,14,April,Apr,2,2025
20250406,2025-04-06,Sunday,15,April,Apr,2,2025
20250407,2025-04-07,Monday,15,April,Apr,2,2025
20250408,2025-04-08,Tuesday,15,April,Apr,2,2025
20250409,2025-04-09,Wednesday,15,April,Apr,2,2025
20250410,2025-04-10,Thursday,15,April,Apr,2,2025
20250411,2025-04-11,Friday,15,April,Apr,2,2025
20250412,2025-04-12,Saturday,15,April,Apr,2,2025
20250413,2025-04-13,Sunday,16,April,Apr,2,2025
20250414,2025-04-14,Monday,16,April,Apr,2,2025
20250415,2025-04-15,Tuesday,16,April,Apr,2,2025
20250416,2025-04-16,Wednesday,16,April,Apr,2,2025
20250417,2025-04-17,Thursday,16,April,Apr,2,2025
20250418,2025-04-18,Friday,16,April,Apr,2,2025
20250419,2025-04-19,Saturday,16,April,Apr,2,2025
20250420,2025-04-20,Sunday,17,April,Apr,2,2025
20250421,2025-04-21,Monday,17,April,Apr,2,2025
20250422,2025-04-22,Tuesday,17,April,Apr,2,2025
20250423,2025-04-23,Wednesday,17,April,Apr,2,2025
20250424,2025-04-24,Thursday,17,April,Apr,2,2025
20250425,2025-04-25,Friday,17,April,Apr,2,2025
20250426,2025-04-26,Saturday,17,April,Apr,2,2025
20250427,2025-04-27,Sunday,18,April,Apr,2,2025
20250428,2025-04-28,Monday,18,April,Apr,2,2025
20250429,2025-04-29,Tuesday,18,April,Apr,2,2025
20250430,2025-04-30,Wednesday,18,April,Apr,2,2025
20250501,2025-05-01,Thursday,18,May,May,2,2025
20250502,2025-05-02,Friday,18,May,May,2,2025
20250503,2025-05-03,Saturday,18,May,May,2,2025
20250504,2025-05-04,Sunday,19,May,May,2,2025
20250505,2025-05-05,Monday,19,May,May,2,2025
20250506,2025-05-06,Tuesday,19,May,May,2,2025
20250507,2025-05-07,Wednesday,19,May,May,2,2025
20250508,2025-05-08,Thursday,19,May,May,2,2025
20250509,2025-05-09,Friday,19,May,May,2,2025
20250510,2025-05-10,Saturday,19,May,May,2,2025
20250511,2025-05-11,Sunday,20,May,May,2,2025
20250512,2025-05-12,Monday,20,May,May,2,2025
20250513,2025-05-13,Tuesday,20,May,May,2,2025
20250514,2025-05-14,Wednesday,20,May,May,2,2025
20250515,2025-05-15,Thursday,20,May,May,2,2025
20250516,2025-05-16,Friday,20,May,May,2,2025
20250517,2025-05-17,Saturday,20,May,May,2,2025
20250518,2025-05-18,Sunday,21,May,May,2,2025
20250519,2025-05-19,Monday,21,May,May,2,2025
20250520,2025-05-20,Tuesday,21,May,May,2,2025
20250521,2025-05-21,Wednesday,21,May,May,2,2025
20250522,2025-05-22,Thursday,21,May,May,2,2025
20250523,2025-05-23,Friday,21,May,May,2,2025
20250524,2025-05-24,Saturday,21,May,May,2,2025
20250525,2025-05-25,Sunday,22,May,May,2,2025
20250526,2025-05-26,Monday,22,May,May,2,2025
20250527,2025-05-27,Tuesday,22,May,May,2,2025
20250528,2025-05-28,Wednesday,22,May,May,2,2025
20250529,2025-05-29,Thursday,22,May,May,2,2025
20250530,2025-05-30,Friday,22,May,May,2,2025
20250531,2025-05-31,Saturday,22,May,May,2,2025
20250601,2025-06-01,Sunday,23,June,Jun,2,2025
20250602,2025-06-02,Monday,23,June,Jun,2,2025
20250603,2025-06-03,Tuesday,23,June,Jun,2,2025
20250604,2025-06-04,Wednesday,23,June,Jun,2,2025
20250605,2025-06-05,Thursday,23,June,Jun,2,2025
20250606,2025-06-06,Friday,23,June,Jun,2,2025
20250607,2025-06-07,Saturday,23,June,Jun,2,2025
20250608,2025-06-08,Sunday,24,June,Jun,2,2025
20250609,2025-06-09,Monday,24,June,Jun,2,2025
20250610,2025-06-10,Tuesday,24,June,Jun,2,2025
20250611,2025-06-11,Wednesday,24,June,Jun,2,2025
20250612,2025-06-12,Thursday,24,June,Jun,2,2025
20250613,2025-06-13,Friday,24,June,Jun,2,2025
20250614,2025-06-14,Saturday,24,June,Jun,2,2025
20250615,2025-06-15,Sunday,25,June,Jun,2,2025
20250616,2025-06-16,Monday,25,June,Jun,2,2025
20250617,2025-06-17,Tuesday,25,June,Jun,2,2025
20250618,2025-06-18,Wednesday,25,June,Jun,2,2025
20250619,2025-06-19,Thursday,25,June,Jun,2,2025
20250620,2025-06-20,Friday,25,June,Jun,2,2025
20250621,2025-06-21,Saturday,25,June,Jun,2,2025
20250622,2025-06-22,Sunday,26,June,Jun,2,2025
20250623,2025-06-23,Monday,26,June,Jun,2,2025
20250624,2025-06-24,Tuesday,26,June,Jun,2,2025
20250625,2025-06-25,Wednesday,26,June,Jun,2,2025
20250626,2025-06-26,Thursday,26,June,Jun,2,2025
20250627,2025-06-27,Friday,26,June,Jun,2,2025
20250628,2025-06-28,Saturday,26,June,Jun,2,2025
20250629,2025-06-29,Sunday,27,June,Jun,2,2025
20250630,2025-06-30,Monday,27,June,Jun,2,2025
20250701,2025-07-01,Tuesday,27,July,Jul,3,2025
20250702,2025-07-02,Wednesday,27,July,Jul,3,2025
20250703,2025-07-03,Thursday,27,July,Jul,3,2025
20250704,2025-07-04,Friday,27,July,Jul,3,2025
20250705,2025-07-05,Saturday,27,July,Jul,3,2025
20250706,2025-07-06,Sunday,28,July,Jul,3,2025
20250707,2025-07-07,Monday,28,July,Jul,3,2025
20250708,2025-07-08,Tuesday,28,July,Jul,3,2025
20250709,2025-07-09,Wednesday,28,July,Jul,3,2025
20250710,2025-07-10,Thursday,28,July,Jul,3,2025
20250711,2025-07-11,Friday,28,July,Jul,3,2025
20250712,2025-07-12,Saturday,28,July,Jul,3,2025
20250713,2025-07-13,Sunday,29,July,Jul,3,2025
20250714,2025-07-14,Monday,29,July,Jul,3,2025
20250715,2025-07-15,Tuesday,29,July,Jul,3,2025
20250716,2025-07-16,Wednesday,29,July,Jul,3,2025
20250717,2025-07-17,Thursday,29,July,Jul,3,2025
20250718,2025-07-18,Friday,29,July,Jul,3,2025
20250719,2025-07-19,Saturday,29,July,Jul,3,2025
20250720,2025-07-20,Sunday,30,July,Jul,3,2025
20250721,2025-07-21,Monday,30,July,Jul,3,2025
20250722,2025-07-22,Tuesday,30,July,Jul,3,2025
20250723,2025-07-23,Wednesday,30,July,Jul,3,2025
20250724,2025-07-24,Thursday,30,July,Jul,3,2025
20250725,2025-07-25,Friday,30,July,Jul,3,2025
20250726,2025-07-26,Saturday,30,July,Jul,3,2025
20250727,2025-07-27,Sunday,31,July,Jul,3,2025
20250728,2025-07-28,Monday,31,July,Jul,3,2025
20250729,2025-07-29,Tuesday,31,July,Jul,3,2025
20250730,2025-07-30,Wednesday,31,July,Jul,3,2025
20250731,2025-07-31,Thursday,31,July,Jul,3,2025
20250801,2025-08-01,Friday,31,August,Aug,3,2025
20250802,2025-08-02,Saturday,31,August,Aug,3,2025
20250803,2025-08-03,Sunday,32,August,Aug,3,2025
20250804,2025-08-04,Monday,32,August,Aug,3,2025
20250805,2025-08-05,Tuesday,32,August,Aug,3,2025
20250806,2025-08-06,Wednesday,32,August,Aug,3,2025
20250807,2025-08-07,Thursday,32,August,Aug,3,2025
20250808,2025-08-08,Friday,32,August,Aug,3,2025
20250809,2025-08-09,Saturday,32,August,Aug,3,2025
20250810,2025-08-10,Sunday,33,August,Aug,3,2025
20250811,2025-08-11,Monday,33,August,Aug,3,2025
20250812,2025-08-12,Tuesday,33,August,Aug,3,2025
20250813,2025-08-13,Wednesday,33,August,Aug,3,2025
20250814,2025-08-14,Thursday,33,August,Aug,3,2025
20250815,2025-08-15,Friday,33,August,Aug,3,2025
20250816,2025-08-16,Saturday,33,August,Aug,3,2025
20250817,2025-08-17,Sunday,34,August,Aug,3,2025
20250818,2025-08-18,Monday,34,August,Aug,3,2025
20250819,2025-08-19,Tuesday,34,August,Aug,3,2025
20250820,2025-08-20,Wednesday,34,August,Aug,3,2025
20250821,2025-08-21,Thursday,34,August,Aug,3,2025
20250822,2025-08-22,Friday,34,August,Aug,3,2025
20250823,2025-08-23,Saturday,34,August,Aug,3,2025
20250824,2025-08-24,Sunday,35,August,Aug,3,2025
20250825,2025-08-25,Monday,35,August,Aug,3,2025
20250826,2025-08-26,Tuesday,35,August,Aug,3,2025
20250827,2025-08-27,Wednesday,35,August,Aug,3,2025
20250828,2025-08-28,Thursday,35,August,Aug,3,2025
20250829,2025-08-29,Friday,35,August,Aug,3,2025
20250830,2025-08-30,Saturday,35,August,Aug,3,2025
20250831,2025-08-31,Sunday,36,August,Aug,3,2025
20250901,2025-09-01,Monday,36,September,Sep,3,2025
20250902,2025-09-02,Tuesday,36,September,Sep,3,2025
20250903,2025-09-03,Wednesday,36,September,Sep,3,2025
20250904,2025-09-04,Thursday,36,September,Sep,3,2025
20250905,2025-09-05,Friday,36,September,Sep,3,2025
20250906,2025-09-06,Saturday,36,September,Sep,3,2025
20250907,2025-09-07,Sunday,37,September,Sep,3,2025
20250908,2025-09-08,Monday,37,September,Sep,3,2025
20250909,2025-09-09,Tuesday,37,September,Sep,3,2025
20250910,2025-09-10,Wednesday,37,September,Sep,3,2025
20250911,2025-09-11,Thursday,37,September,Sep,3,2025
20250912,2025-09-12,Friday,37,September,Sep,3,2025
20250913,2025-09-13,Saturday,37,September,Sep,3,2025
20250914,2025-09-14,Sunday,38,September,Sep,3,2025
20250915,2025-09-15,Monday,38,September,Sep,3,2025
20250916,2025-09-16,Tuesday,38,September,Sep,3,2025
20250917,2025-09-17,Wednesday,38,September,Sep,3,2025
20250918,2025-09-18,Thursday,38,September,Sep,3,2025
20250919,2025-09-19,Friday,38,September,Sep,3,2025
20250920,2025-09-20,Saturday,38,September,Sep,3,2025
20250921,2025-09-21,Sunday,39,September,Sep,3,2025
20250922,2025-09-22,Monday,39,September,Sep,3,2025
20250923,2025-09-23,Tuesday,39,September,Sep,3,2025
20250924,2025-09-24,Wednesday,39,September,Sep,3,2025
20250925,2025-09-25,Thursday,39,September,Sep,3,2025
20250926,2025-09-26,Friday,39,September,Sep,3,2025
20250927,2025-09-27,Saturday,39,September,Sep,3,2025
20250928,2025-09-28,Sunday,40,September,Sep,3,2025
20250929,2025-09-29,Monday,40,September,Sep,3,2025
20250930,2025-09-30,Tuesday,40,September,Sep,3,2025
20251001,2025-10-01,Wednesday,40,October,Oct,4,2025
20251002,2025-10-02,Thursday,40,October,Oct,4,2025
20251003,2025-10-03,Friday,40,October,Oct,4,2025
20251004,2025-10-04,Saturday,40,October,Oct,4,2025
20251005,2025-10-05,Sunday,41,October,Oct,4,2025
20251006,2025-10-06,Monday,41,October,Oct,4,2025
20251007,2025-10-07,Tuesday,41,October,Oct,4,2025
20251008,2025-10-08,Wednesday,41,October,Oct,4,2025
20251009,2025-10-09,Thursday,41,October,Oct,4,2025
20251010,2025-10-10,Friday,41,October,Oct,4,2025
20251011,2025-10-11,Saturday,41,October,Oct,4,2025
20251012,2025-10-12,Sunday,42,October,Oct,4,2025
20251013,2025-10-13,Monday,42,October,Oct,4,2025
20251014,2025-10-14,Tuesday,42,October,Oct,4,2025
20251015,2025-10-15,Wednesday,42,October,Oct,4,2025
20251016,2025-10-16,Thursday,42,October,Oct,4,2025
20251017,2025-10-17,Friday,42,October,Oct,4,2025
20251018,2025-10-18,Saturday,42,October,Oct,4,2025
20251019,2025-10-19,Sunday,43,October,Oct,4,2025
20251020,2025-10-20,Monday,43,October,Oct,4,2025
20251021,2025-10-21,Tuesday,43,October,Oct,4,2025
20251022,2025-10-22,Wednesday,43,October,Oct,4,2025
20251023,2025-10-23,Thursday,43,October,Oct,4,2025
20251024,2025-10-24,Friday,43,October,Oct,4,2025
20251025,2025-10-25,Saturday,43,October,Oct,4,2025
20251026,2025-10-26,Sunday,44,October,Oct,4,2025
20251027,2025-10-27,Monday,44,October,Oct,4,2025
20251028,2025-10-28,Tuesday,44,October,Oct,4,2025
20251029,2025-10-29,Wednesday,44,October,Oct,4,2025
20251030,2025-10-30,Thursday,44,October,Oct,4,2025
20251031,2025-10-31,Friday,44,October,Oct,4,2025
20251101,2025-11-01,Saturday,44,November,Nov,4,2025
20251102,2025-11-02,Sunday,45,November,Nov,4,2025
20251103,2025-11-03,Monday,45,November,Nov,4,2025
20251104,2025-11-04,Tuesday,45,November,Nov,4,2025
20251105,2025-11-05,Wednesday,45,November,Nov,4,2025
20251106,2025-11-06,Thursday,45,November,Nov,4,2025
20251107,2025-11-07,Friday,45,November,Nov,4,2025
20251108,2025-11-08,Saturday,45,November,Nov,4,2025
20251109,2025-11-09,Sunday,46,November,Nov,4,2025
20251110,2025-11-10,Monday,46,November,Nov,4,2025
20251111,2025-11-11,Tuesday,46,November,Nov,4,2025
20251112,2025-11-12,Wednesday,46,November,Nov,4,2025
20251113,2025-11-13,Thursday,46,November,Nov,4,2025
20251114,2025-11-14,Friday,46,November,Nov,4,2025
20251115,2025-11-15,Saturday,46,November,Nov,4,2025
20251116,2025-11-16,Sunday,47,November,Nov,4,2025
20251117,2025-11-17,Monday,47,November,Nov,4,2025
20251118,2025-11-18,Tuesday,47,November,Nov,4,2025
20251119,2025-11-19,Wednesday,47,November,Nov,4,2025
20251120,2025-11-20,Thursday,47,November,Nov,4,2025
20251121,2025-11-21,Friday,47,November,Nov,4,2025
20251122,2025-11-22,Saturday,47,November,Nov,4,2025
20251123,2025-11-23,Sunday,48,November,Nov,4,2025
20251124,2025-11-24,Monday,48,November,Nov,4,2025
20251125,2025-11-25,Tuesday,48,November,Nov,4,2025
20251126,2025-11-26,Wednesday,48,November,Nov,4,2025
20251127,2025-11-27,Thursday,48,November,Nov,4,2025
20251128,2025-11-28,Friday,48,November,Nov,4,2025
20251129,2025-11-29,Saturday,48,November,Nov,4,2025
20251130,2025-11-30,Sunday,49,November,Nov,4,2025
20251201,2025-12-01,Monday,49,December,Dec,4,2025
20251202,2025-12-02,Tuesday,49,December,Dec,4,2025
20251203,2025-12-03,Wednesday,49,December,Dec,4,2025
20251204,2025-12-04,Thursday,49,December,Dec,4,2025
20251205,2025-12-05,Friday,49,December,Dec,4,2025
20251206,2025-12-06,Saturday,49,December,Dec,4,2025
20251207,2025-12-07,Sunday,50,December,Dec,4,2025
20251208,2025-12-08,Monday,50,December,Dec,4,2025
20251209,2025-12-09,Tuesday,50,December,Dec,4,2025
20251210,2025-12-10,Wednesday,50,December,Dec,4,2025
20251211,2025-12-11,Thursday,50,December,Dec,4,2025
20251212,2025-12-12,Friday,50,December,Dec,4,2025
20251213,2025-12-13,Saturday,50,December,Dec,4,2025
20251214,2025-12-14,Sunday,51,December,Dec,4,2025
20251215,2025-12-15,Monday,51,December,Dec,4,2025
20251216,2025-12-16,Tuesday,51,December,Dec,4,2025
20251217,2025-12-17,Wednesday,51,December,Dec,4,2025
20251218,2025-12-18,Thursday,51,December,Dec,4,2025
20251219,2025-12-19,Friday,51,December,Dec,4,2025
20251220,2025-12-20,Saturday,51,December,Dec,4,2025
20251221,2025-12-21,Sunday,52,December,Dec,4,2025
20251222,2025-12-22,Monday,52,December,Dec,4,2025
20251223,2025-12-23,Tuesday,52,December,Dec,4,2025
20251224,2025-12-24,Wednesday,52,December,Dec,4,2025
20251225,2025-12-25,Thursday,52,December,Dec,4,2025
20251226,2025-12-26,Friday,52,December,Dec,4,2025
20251227,2025-12-27,Saturday,52,December,Dec,4,2025
20251228,2025-12-28,Sunday,53,December,Dec,4,2025
20251229,2025-12-29,Monday,53,December,Dec,4,2025
20251230,2025-12-30,Tuesday,53,December,Dec,4,2025
20251231,2025-12-31,Wednesday,53,December,Dec,4,2025
20260101,2026-01-01,Thursday,1,January,Jan,1,2026
20260102,2026-01-02,Friday,1,January,Jan,1,2026
20260103,2026-01-03,Saturday,1,January,Jan,1,2026
20260104,2026-01-04,Sunday,2,January,Jan,1,2026
20260105,2026-01-05,Monday,2,January,Jan,1,2026
20260106,2026-01-06,Tuesday,2,January,Jan,1,2026
20260107,2026-01-07,Wednesday,2,January,Jan,1,2026
20260108,2026-01-08,Thursday,2,January,Jan,1,2026
20260109,2026-01-09,Friday,2,January,Jan,1,2026
20260110,2026-01-10,Saturday,2,January,Jan,1,2026
20260111,2026-01-11,Sunday,3,January,Jan,1,2026
20260112,2026-01-12,Monday,3,January,Jan,1,2026
20260113,2026-01-13,Tuesday,3,January,Jan,1,2026
20260114,2026-01-14,Wednesday,3,January,Jan,1,2026
20260115,2026-01-15,Thursday,3,January,Jan,1,2026
20260116,2026-01-16,Friday,3,January,Jan,1,2026
20260117,2026-01-17,Saturday,3,January,Jan,1,2026
20260118,2026-01-18,Sunday,4,January,Jan,1,2026
20260119,2026-01-19,Monday,4,January,Jan,1,2026
20260120,2026-01-20,Tuesday,4,January,Jan,1,2026
20260121,2026-01-21,Wednesday,4,January,Jan,1,2026
20260122,2026-01-22,Thursday,4,January,Jan,1,2026
20260123,2026-01-23,Friday,4,January,Jan,1,2026
20260124,2026-01-24,Saturday,4,January,Jan,1,2026
20260125,2026-01-25,Sunday,5,January,Jan,1,2026
20260126,2026-01-26,Monday,5,January,Jan,1,2026
20260127,2026-01-27,Tuesday,5,January,Jan,1,2026
20260128,2026-01-28,Wednesday,5,January,Jan,1,2026
20260129,2026-01-29,Thursday,5,January,Jan,1,2026
20260130,2026-01-30,Friday,5,January,Jan,1,2026
20260131,2026-01-31,Saturday,5,January,Jan,1,2026
20260201,2026-02-01,Sunday,6,February,Feb,1,2026
20260202,2026-02-02,Monday,6,February,Feb,1,2026
20260203,2026-02-03,Tuesday,6,February,Feb,1,2026
20260204,2026-02-04,Wednesday,6,February,Feb,1,2026
20260205,2026-02-05,Thursday,6,February,Feb,1,2026
20260206,2026-02-06,Friday,6,February,Feb,1,2026
20260207,2026-02-07,Saturday,6,February,Feb,1,2026
20260208,2026-02-08,Sunday,7,February,Feb,1,2026
20260209,2026-02-09,Monday,7,February,Feb,1,2026
20260210,2026-02-10,Tuesday,7,February,Feb,1,2026
20260211,2026-02-11,Wednesday,7,February,Feb,1,2026
20260212,2026-02-12,Thursday,7,February,Feb,1,2026
20260213,2026-02-13,Friday,7,February,Feb,1,2026
20260214,2026-02-14,Saturday,7,February,Feb,1,2026
20260215,2026-02-15,Sunday,8,February,Feb,1,2026
20260216,2026-02-16,Monday,8,February,Feb,1,2026
20260217,2026-02-17,Tuesday,8,February,Feb,1,2026
20260218,2026-02-18,Wednesday,8,February,Feb,1,2026
20260219,2026-02-19,Thursday,8,February,Feb,1,2026
20260220,2026-02-20,Friday,8,February,Feb,1,2026
20260221,2026-02-21,Saturday,8,February,Feb,1,2026
20260222,2026-02-22,Sunday,9,February,Feb,1,2026
20260223,2026-02-23,Monday,9,February,Feb,1,2026
20260224,2026-02-24,Tuesday,9,February,Feb,1,2026
20260225,2026-02-25,Wednesday,9,February,Feb,1,2026
20260226,2026-02-26,Thursday,9,February,Feb,1,2026
20260227,2026-02-27,Friday,9,February,Feb,1,2026
20260228,2026-02-28,Saturday,9,February,Feb,1,2026
20260301,2026-03-01,Sunday,10,March,Mar,1,2026
20260302,2026-03-02,Monday,10,March,Mar,1,2026
20260303,2026-03-03,Tuesday,10,March,Mar,1,2026
20260304,2026-03-04,Wednesday,10,March,Mar,1,2026
20260305,2026-03-05,Thursday,10,March,Mar,1,2026
20260306,2026-03-06,Friday,10,March,Mar,1,2026
20260307,2026-03-07,Saturday,10,March,Mar,1,2026
20260308,2026-03-08,Sunday,11,March,Mar,1,2026
20260309,2026-03-09,Monday,11,March,Mar,1,2026
20260310,2026-03-10,Tuesday,11,March,Mar,1,2026
20260311,2026-03-11,Wednesday,11,March,Mar,1,2026
20260312,2026-03-12,Thursday,11,March,Mar,1,2026
20260313,2026-03-13,Friday,11,March,Mar,1,2026
20260314,2026-03-14,Saturday,11,March,Mar,1,2026
20260315,2026-03-15,Sunday,12,March,Mar,1,2026
20260316,2026-03-16,Monday,12,March,Mar,1,2026
20260317,2026-03-17,Tuesday,12,March,Mar,1,2026
20260318,2026-03-18,Wednesday,12,March,Mar,1,2026
20260319,2026-03-19,Thursday,12,March,Mar,1,2026
20260320,2026-03-20,Friday,12,March,Mar,1,2026
20260321,2026-03-21,Saturday,12,March,Mar,1,2026
20260322,2026-03-22,Sunday,13,March,Mar,1,2026
20260323,2026-03-23,Monday,13,March,Mar,1,2026
20260324,2026-03-24,Tuesday,13,March,Mar,1,2026
20260325,2026-03-25,Wednesday,13,March,Mar,1,2026
20260326,2026-03-26,Thursday,13,March,Mar,1,2026
20260327,2026-03-27,Friday,13,March,Mar,1,2026
20260328,2026-03-28,Saturday,13,March,Mar,1,2026
20260329,2026-03-29,Sunday,14,March,Mar,1,2026
20260330,2026-03-30,Monday,14,March,Mar,1,2026
20260331,2026-03-31,Tuesday,14,March,Mar,1,2026
20260401,2026-04-01,Wednesday,14,April,Apr,2,2026
20260402,2026-04-02,Thursday,14,April,Apr,2,2026
20260403,2026-04-03,Friday,14,April,Apr,2,2026
20260404,2026-04-04,Saturday,14,April,Apr,2,2026
20260405,2026-04-05,Sunday,15,April,Apr,2,2026
20260406,2026-04-06,Monday,15,April,Apr,2,2026
20260407,2026-04-07,Tuesday,15,April,Apr,2,2026
20260408,2026-04-08,Wednesday,15,April,Apr,2,2026
20260409,2026-04-09,Thursday,15,April,Apr,2,2026
20260410,2026-04-10,Friday,15,April,Apr,2,2026
20260411,2026-04-11,Saturday,15,April,Apr,2,2026
20260412,2026-04-12,Sunday,16,April,Apr,2,2026
20260413,2026-04-13,Monday,16,April,Apr,2,2026
20260414,2026-04-14,Tuesday,16,April,Apr,2,2026
20260415,2026-04-15,Wednesday,16,April,Apr,2,2026
20260416,2026-04-16,Thursday,16,April,Apr,2,2026
20260417,2026-04-17,Friday,16,April,Apr,2,2026
20260418,2026-04-18,Saturday,16,April,Apr,2,2026
20260419,2026-04-19,Sunday,17,April,Apr,2,2026
20260420,2026-04-20,Monday,17,April,Apr,2,2026
20260421,2026-04-21,Tuesday,17,April,Apr,2,2026
20260422,2026-04-22,Wednesday,17,April,Apr,2,2026
20260423,2026-04-23,Thursday,17,April,Apr,2,2026
20260424,2026-04-24,Friday,17,April,Apr,2,2026
20260425,2026-04-25,Saturday,17,April,Apr,2,2026
20260426,2026-04-26,Sunday,18,April,Apr,2,2026
20260427,2026-04-27,Monday,18,April,Apr,2,2026
20260428,2026-04-28,Tuesday,18,April,Apr,2,2026
20260429,2026-04-29,Wednesday,18,April,Apr,2,2026
20260430,2026-04-30,Thursday,18,April,Apr,2,2026
20260501,2026-05-01,Friday,18,May,May,2,2026
20260502,2026-05-02,Saturday,18,May,May,2,2026
20260503,2026-05-03,Sunday,19,May,May,2,2026
20260504,2026-05-04,Monday,19,May,May,2,2026
20260505,2026-05-05,Tuesday,19,May,May,2,2026
20260506,2026-05-06,Wednesday,19,May,May,2,2026
20260507,2026-05-07,Thursday,19,May,May,2,2026
20260508,2026-05-08,Friday,19,May,May,2,2026
20260509,2026-05-09,Saturday,19,May,May,2,2026
20260510,2026-05-10,Sunday,20,May,May,2,2026
20260511,2026-05-11,Monday,20,May,May,2,2026
20260512,2026-05-12,Tuesday,20,May,May,2,2026
20260513,2026-05-13,Wednesday,20,May,May,2,2026
20260514,2026-05-14,Thursday,20,May,May,2,2026
20260515,2026-05-15,Friday,20,May,May,2,2026
20260516,2026-05-16,Saturday,20,May,May,2,2026
20260517,2026-05-17,Sunday,21,May,May,2,2026
20260518,2026-05-18,Monday,21,May,May,2,2026
20260519,2026-05-19,Tuesday,21,May,May,2,2026
20260520,2026-05-20,Wednesday,21,May,May,2,2026
20260521,2026-05-21,Thursday,21,May,May,2,2026
20260522,2026-05-22,Friday,21,May,May,2,2026
20260523,2026-05-23,Saturday,21,May,May,2,2026
20260524,2026-05-24,Sunday,22,May,May,2,2026
20260525,2026-05-25,Monday,22,May,May,2,2026
20260526,2026-05-26,Tuesday,22,May,May,2,2026
20260527,2026-05-27,Wednesday,22,May,May,2,2026
20260528,2026-05-28,Thursday,22,May,May,2,2026
20260529,2026-05-29,Friday,22,May,May,2,2026
20260530,2026-05-30,Saturday,22,May,May,2,2026
20260531,2026-05-31,Sunday,23,May,May,2,2026
20260601,2026-06-01,Monday,23,June,Jun,2,2026
20260602,2026-06-02,Tuesday,23,June,Jun,2,2026
20260603,2026-06-03,Wednesday,23,June,Jun,2,2026
20260604,2026-06-04,Thursday,23,June,Jun,2,2026
20260605,2026-06-05,Friday,23,June,Jun,2,2026
20260606,2026-06-06,Saturday,23,June,Jun,2,2026
20260607,2026-06-07,Sunday,24,June,Jun,2,2026
20260608,2026-06-08,Monday,24,June,Jun,2,2026
20260609,2026-06-09,Tuesday,24,June,Jun,2,2026
20260610,2026-06-10,Wednesday,24,June,Jun,2,2026
20260611,2026-06-11,Thursday,24,June,Jun,2,2026
20260612,2026-06-12,Friday,24,June,Jun,2,2026
20260613,2026-06-13,Saturday,24,June,Jun,2,2026
20260614,2026-06-14,Sunday,25,June,Jun,2,2026
20260615,2026-06-15,Monday,25,June,Jun,2,2026
20260616,2026-06-16,Tuesday,25,June,Jun,2,2026
20260617,2026-06-17,Wednesday,25,June,Jun,2,2026
20260618,2026-06-18,Thursday,25,June,Jun,2,2026
20260619,2026-06-19,Friday,25,June,Jun,2,2026
20260620,2026-06-20,Saturday,25,June,Jun,2,2026
20260621,2026-06-21,Sunday,26,June,Jun,2,2026
20260622,2026-06-22,Monday,26,June,Jun,2,2026
20260623,2026-06-23,Tuesday,26,June,Jun,2,2026
20260624,2026-06-24,Wednesday,26,June,Jun,2,2026
20260625,2026-06-25,Thursday,26,June,Jun,2,2026
20260626,2026-06-26,Friday,26,June,Jun,2,2026
20260627,2026-06-27,Saturday,26,June,Jun,2,2026
20260628,2026-06-28,Sunday,27,June,Jun,2,2026
20260629,2026-06-29,Monday,27,June,Jun,2,2026
20260630,2026-06-30,Tuesday,27,June,Jun,2,2026
20260701,2026-07-01,Wednesday,27,July,Jul,3,2026
20260702,2026-07-02,Thursday,27,July,Jul,3,2026
20260703,2026-07-03,Friday,27,July,Jul,3,2026
20260704,2026-07-04,Saturday,27,July,Jul,3,2026
20260705,2026-07-05,Sunday,28,July,Jul,3,2026
20260706,2026-07-06,Monday,28,July,Jul,3,2026
20260707,2026-07-07,Tuesday,28,July,Jul,3,2026
20260708,2026-07-08,Wednesday,28,July,Jul,3,2026
20260709,2026-07-09,Thursday,28,July,Jul,3,2026
20260710,2026-07-10,Friday,28,July,Jul,3,2026
20260711,2026-07-11,Saturday,28,July,Jul,3,2026
20260712,2026-07-12,Sunday,29,July,Jul,3,2026
20260713,2026-07-13,Monday,29,July,Jul,3,2026
20260714,2026-07-14,Tuesday,29,July,Jul,3,2026
20260715,2026-07-15,Wednesday,29,July,Jul,3,2026
20260716,2026-07-16,Thursday,29,July,Jul,3,2026
20260717,2026-07-17,Friday,29,July,Jul,3,2026
20260718,2026-07-18,Saturday,29,July,Jul,3,2026
20260719,2026-07-19,Sunday,30,July,Jul,3,2026
20260720,2026-07-20,Monday,30,July,Jul,3,2026
20260721,2026-07-21,Tuesday,30,July,Jul,3,2026
20260722,2026-07-22,Wednesday,30,July,Jul,3,2026
20260723,2026-07-23,Thursday,30,July,Jul,3,2026
20260724,2026-07-24,Friday,30,July,Jul,3,2026
20260725,2026-07-25,Saturday,30,July,Jul,3,2026
20260726,2026-07-26,Sunday,31,July,Jul,3,2026
20260727,2026-07-27,Monday,31,July,Jul,3,2026
20260728,2026-07-28,Tuesday,31,July,Jul,3,2026
20260729,2026-07-29,Wednesday,31,July,Jul,3,2026
20260730,2026-07-30,Thursday,31,July,Jul,3,2026
20260731,2026-07-31,Friday,31,July,Jul,3,2026
20260801,2026-08-01,Saturday,31,August,Aug,3,2026
20260802,2026-08-02,Sunday,32,August,Aug,3,2026
20260803,2026-08-03,Monday,32,August,Aug,3,2026
20260804,2026-08-04,Tuesday,32,August,Aug,3,2026
20260805,2026-08-05,Wednesday,32,August,Aug,3,2026
20260806,2026-08-06,Thursday,32,August,Aug,3,2026
20260807,2026-08-07,Friday,32,August,Aug,3,2026
20260808,2026-08-08,Saturday,32,August,Aug,3,2026
20260809,2026-08-09,Sunday,33,August,Aug,3,2026
20260810,2026-08-10,Monday,33,August,Aug,3,2026
20260811,2026-08-11,Tuesday,33,August,Aug,3,2026
20260812,2026-08-12,Wednesday,33,August,Aug,3,2026
20260813,2026-08-13,Thursday,33,August,Aug,3,2026
20260814,2026-08-14,Friday,33,August,Aug,3,2026
20260815,2026-08-15,Saturday,33,August,Aug,3,2026
20260816,2026-08-16,Sunday,34,August,Aug,3,2026
20260817,2026-08-17,Monday,34,August,Aug,3,2026
20260818,2026-08-18,Tuesday,34,August,Aug,3,2026
20260819,2026-08-19,Wednesday,34,August,Aug,3,2026
20260820,2026-08-20,Thursday,34,August,Aug,3,2026
20260821,2026-08-21,Friday,34,August,Aug,3,2026
20260822,2026-08-22,Saturday,34,August,Aug,3,2026
20260823,2026-08-23,Sunday,35,August,Aug,3,2026
20260824,2026-08-24,Monday,35,August,Aug,3,2026
20260825,2026-08-25,Tuesday,35,August,Aug,3,2026
20260826,2026-08-26,Wednesday,35,August,Aug,3,2026
20260827,2026-08-27,Thursday,35,August,Aug,3,2026
20260828,2026-08-28,Friday,35,August,Aug,3,2026
20260829,2026-08-29,Saturday,35,August,Aug,3,2026
20260830,2026-08-30,Sunday,36,August,Aug,3,2026
20260831,2026-08-31,Monday,36,August,Aug,3,2026
20260901,2026-09-01,Tuesday,36,September,Sep,3,2026
20260902,2026-09-02,Wednesday,36,September,Sep,3,2026
20260903,2026-09-03,Thursday,36,September,Sep,3,2026
20260904,2026-09-04,Friday,36,September,Sep,3,2026
20260905,2026-09-05,Saturday,36,September,Sep,3,2026
20260906,2026-09-06,Sunday,37,September,Sep,3,2026
20260907,2026-09-07,Monday,37,September,Sep,3,2026
20260908,2026-09-08,Tuesday,37,September,Sep,3,2026
20260909,2026-09-09,Wednesday,37,September,Sep,3,2026
20260910,2026-09-10,Thursday,37,September,Sep,3,2026
20260911,2026-09-11,Friday,37,September,Sep,3,2026
20260912,2026-09-12,Saturday,37,September,Sep,3,2026
20260913,2026-09-13,Sunday,38,September,Sep,3,2026
20260914,2026-09-14,Monday,38,September,Sep,3,2026
20260915,2026-09-15,Tuesday,38,September,Sep,3,2026
20260916,2026-09-16,Wednesday,38,September,Sep,3,2026
20260917,2026-09-17,Thursday,38,September,Sep,3,2026
20260918,2026-09-18,Friday,38,September,Sep,3,2026
20260919,2026-09-19,Saturday,38,September,Sep,3,2026
20260920,2026-09-20,Sunday,39,September,Sep,3,2026
20260921,2026-09-21,Monday,39,September,Sep,3,2026
20260922,2026-09-22,Tuesday,39,September,Sep,3,2026
20260923,2026-09-23,Wednesday,39,September,Sep,3,2026
20260924,2026-09-24,Thursday,39,September,Sep,3,2026
20260925,2026-09-25,Friday,39,September,Sep,3,2026
20260926,2026-09-26,Saturday,39,September,Sep,3,2026
20260927,2026-09-27,Sunday,40,September,Sep,3,2026
20260928,2026-09-28,Monday,40,September,Sep,3,2026
20260929,2026-09-29,Tuesday,40,September,Sep,3,2026
20260930,2026-09-30,Wednesday,40,September,Sep,3,2026
20261001,2026-10-01,Thursday,40,October,Oct,4,2026
20261002,2026-10-02,Friday,40,October,Oct,4,2026
20261003,2026-10-03,Saturday,40,October,Oct,4,2026
20261004,2026-10-04,Sunday,41,October,Oct,4,2026
20261005,2026-10-05,Monday,41,October,Oct,4,2026
20261006,2026-10-06,Tuesday,41,October,Oct,4,2026
20261007,2026-10-07,Wednesday,41,October,Oct,4,2026
20261008,2026-10-08,Thursday,41,October,Oct,4,2026
20261009,2026-10-09,Friday,41,October,Oct,4,2026
20261010,2026-10-10,Saturday,41,October,Oct,4,2026
20261011,2026-10-11,Sunday,42,October,Oct,4,2026
20261012,2026-10-12,Monday,42,October,Oct,4,2026
20261013,2026-10-13,Tuesday,42,October,Oct,4,2026
20261014,2026-10-14,Wednesday,42,October,Oct,4,2026
20261015,2026-10-15,Thursday,42,October,Oct,4,2026
20261016,2026-10-16,Friday,42,October,Oct,4,2026
20261017,2026-10-17,Saturday,42,October,Oct,4,2026
20261018,2026-10-18,Sunday,43,October,Oct,4,2026
20261019,2026-10-19,Monday,43,October,Oct,4,2026
20261020,2026-10-20,Tuesday,43,October,Oct,4,2026
20261021,2026-10-21,Wednesday,43,October,Oct,4,2026
20261022,2026-10-22,Thursday,43,October,Oct,4,2026
20261023,2026-10-23,Friday,43,October,Oct,4,2026
20261024,2026-10-24,Saturday,43,October,Oct,4,2026
20261025,2026-10-25,Sunday,44,October,Oct,4,2026
20261026,2026-10-26,Monday,44,October,Oct,4,2026
20261027,2026-10-27,Tuesday,44,October,Oct,4,2026
20261028,2026-10-28,Wednesday,44,October,Oct,4,2026
20261029,2026-10-29,Thursday,44,October,Oct,4,2026
20261030,2026-10-30,Friday,44,October,Oct,4,2026
20261031,2026-10-31,Saturday,44,October,Oct,4,2026
20261101,2026-11-01,Sunday,45,November,Nov,4,2026
20261102,2026-11-02,Monday,45,November,Nov,4,2026
20261103,2026-11-03,Tuesday,45,November,Nov,4,2026
20261104,2026-11-04,Wednesday,45,November,Nov,4,2026
20261105,2026-11-05,Thursday,45,November,Nov,4,2026
20261106,2026-11-06,Friday,45,November,Nov,4,2026
20261107,2026-11-07,Saturday,45,November,Nov,4,2026
20261108,2026-11-08,Sunday,46,November,Nov,4,2026
20261109,2026-11-09,Monday,46,November,Nov,4,2026
20261110,2026-11-10,Tuesday,46,November,Nov,4,2026
20261111,2026-11-11,Wednesday,46,November,Nov,4,2026
20261112,2026-11-12,Thursday,46,November,Nov,4,2026
20261113,2026-11-13,Friday,46,November,Nov,4,2026
20261114,2026-11-14,Saturday,46,November,Nov,4,2026
20261115,2026-11-15,Sunday,47,November,Nov,4,2026
20261116,2026-11-16,Monday,47,November,Nov,4,2026
20261117,2026-11-17,Tuesday,47,November,Nov,4,2026
20261118,2026-11-18,Wednesday,47,November,Nov,4,2026
20261119,2026-11-19,Thursday,47,November,Nov,4,2026
20261120,2026-11-20,Friday,47,November,Nov,4,2026
20261121,2026-11-21,Saturday,47,November,Nov,4,2026
20261122,2026-11-22,Sunday,48,November,Nov,4,2026
20261123,2026-11-23,Monday,48,November,Nov,4,2026
20261124,2026-11-24,Tuesday,48,November,Nov,4,2026
20261125,2026-11-25,Wednesday,48,November,Nov,4,2026
20261126,2026-11-26,Thursday,48,November,Nov,4,2026
20261127,2026-11-27,Friday,48,November,Nov,4,2026
20261128,2026-11-28,Saturday,48,November,Nov,4,2026
20261129,2026-11-29,Sunday,49,November,Nov,4,2026
20261130,2026-11-30,Monday,49,November,Nov,4,2026
20261201,2026-12-01,Tuesday,49,December,Dec,4,2026
20261202,2026-12-02,Wednesday,49,December,Dec,4,2026
20261203,2026-12-03,Thursday,49,December,Dec,4,2026
20261204,2026-12-04,Friday,49,December,Dec,4,2026
20261205,2026-12-05,Saturday,49,December,Dec,4,2026
20261206,2026-12-06,Sunday,50,December,Dec,4,2026
20261207,2026-12-07,Monday,50,December,Dec,4,2026
20261208,2026-12-08,Tuesday,50,December,Dec,4,2026
20261209,2026-12-09,Wednesday,50,December,Dec,4,2026
20261210,2026-12-10,Thursday,50,December,Dec,4,2026
20261211,2026-12-11,Friday,50,December,Dec,4,2026
20261212,2026-12-12,Saturday,50,December,Dec,4,2026
20261213,2026-12-13,Sunday,51,December,Dec,4,2026
20261214,2026-12-14,Monday,51,December,Dec,4,2026
20261215,2026-12-15,Tuesday,51,December,Dec,4,2026
20261216,2026-12-16,Wednesday,51,December,Dec,4,2026
20261217,2026-12-17,Thursday,51,December,Dec,4,2026
20261218,2026-12-18,Friday,51,December,Dec,4,2026
20261219,2026-12-19,Saturday,51,December,Dec,4,2026
20261220,2026-12-20,Sunday,52,December,Dec,4,2026
20261221,2026-12-21,Monday,52,December,Dec,4,2026
20261222,2026-12-22,Tuesday,52,December,Dec,4,2026
20261223,2026-12-23,Wednesday,52,December,Dec,4,2026
20261224,2026-12-24,Thursday,52,December,Dec,4,2026
20261225,2026-12-25,Friday,52,December,Dec,4,2026
20261226,2026-12-26,Saturday,52,December,Dec,4,2026
20261227,2026-12-27,Sunday,53,December,Dec,4,2026
20261228,2026-12-28,Monday,53,December,Dec,4,2026
20261229,2026-12-29,Tuesday,53,December,Dec,4,2026
20261230,2026-12-30,Wednesday,53,December,Dec,4,2026
20261231,2026-12-31,Thursday,53,December,Dec,4,2026
